{
  "train": {
    "mse": 0.0018364246934652328,
    "r2": 0.9605568647384644,
    "psnr": 27.36026876130593,
    "baseline_mse": 0.02075829543173313,
    "baseline_psnr": 16.82808311468365,
    "improvement_mse": 0.0189218707382679,
    "improvement_psnr": 10.532185646622281
  },
  "val": {
    "mse": 0.0018414316000416875,
    "r2": 0.9606338739395142,
    "psnr": 27.348444083736403,
    "baseline_mse": 0.020759347826242447,
    "baseline_psnr": 16.827862943646757,
    "improvement_mse": 0.01891791622620076,
    "improvement_psnr": 10.520581140089647
  }
}