{
  "train": {
    "mse": 3.794091776865294e-11,
    "r2": 1.0,
    "accuracy": 1.0,
    "precision": 1.0,
    "recall": 1.0,
    "f1": 1.0
  },
  "val": {
    "mse": 1.3875700588528161e-10,
    "r2": 1.0,
    "accuracy": 1.0,
    "precision": 1.0,
    "recall": 1.0,
    "f1": 1.0
  }
}