{
  "train": {
    "mse": 3.178315943763721e-11,
    "r2": 1.0,
    "accuracy": 1.0,
    "precision": 1.0,
    "recall": 1.0,
    "f1": 1.0
  },
  "val": {
    "mse": 6.403980817859534e-11,
    "r2": 1.0,
    "accuracy": 1.0,
    "precision": 1.0,
    "recall": 1.0,
    "f1": 1.0
  }
}