{
  "train": {
    "mse": 0.001109005261738284,
    "r2": 0.987677719314019,
    "accuracy": 0.9937413073713491,
    "macro_f1": 0.9937794215887061,
    "per_class_accuracy": {
      "0": 1.0,
      "1": 1.0,
      "2": 1.0,
      "3": 0.9931972789115646,
      "4": 0.9863013698630136,
      "5": 0.9932885906040269,
      "6": 0.993103448275862,
      "7": 0.9929577464788732,
      "8": 0.9854014598540146,
      "9": 0.9931972789115646
    }
  },
  "val": {
    "mse": 0.003890670109161374,
    "r2": 0.9567703321204292,
    "accuracy": 0.9749303621169917,
    "macro_f1": 0.9746155813367532,
    "per_class_accuracy": {
      "0": 1.0,
      "1": 1.0,
      "2": 1.0,
      "3": 0.9444444444444444,
      "4": 0.9714285714285714,
      "5": 0.9696969696969697,
      "6": 1.0,
      "7": 0.972972972972973,
      "8": 0.9459459459459459,
      "9": 0.9393939393939394
    }
  }
}