{
  "train": {
    "mse": 0.0043398297619142425,
    "r2": 0.9517796693120639,
    "accuracy": 0.9909596662030598,
    "macro_f1": 0.9910086620179704
  },
  "val": {
    "mse": 0.00736347871397678,
    "r2": 0.9181835698447025,
    "accuracy": 0.9777158774373259,
    "macro_f1": 0.9770117052717275
  }
}